filePath,date,tags,zhTitle,enTitle,zhDesc,enDesc,favorite,hide
2016/20160209_BeiYanDang/DSC06282.JPG,2016-02-09,"2016,beiyandang,sites,travel",???,Pavillion in Air,,,0,0
2016/20160209_BeiYanDang/DSC06285.JPG,2016-02-09,"2016,beiyandang,photographer,travel",??,Selfie,,,0,0
2016/20160209_BeiYanDang/DSC06288.JPG,2016-02-09,"2016,beiyandang,sites,travel",????,Temple in Hill,,,0,0
2016/20160209_BeiYanDang/DSC06291.JPG,2016-02-09,"2016,beiyandang,sites,travel",??,Smokey Cloud,,,0,0
2016/20160209_BeiYanDang/DSC06292.JPG,2016-02-09,"2016,beiyandang,sites,travel",????,Temple in Hill,,,0,0
2016/20160209_BeiYanDang/DSC06293.JPG,2016-02-09,"2016,beiyandang,photographer,travel",??,Selfie,,,0,0
2016/20160209_BeiYanDang/DSC06296.JPG,2016-02-09,"2016,beiyandang,photographer,travel",?????,Family Selfie,,,0,0
2016/20160209_BeiYanDang/DSC06297.JPG,2016-02-09,"2016,beiyandang,photographer,travel",?????,Family Selfie,,,0,0
2016/20160209_BeiYanDang/DSC06298.JPG,2016-02-09,"2016,beiyandang,people,travel",???,Family,,,0,0
2016/20160209_BeiYanDang/DSC06300.JPG,2016-02-09,"2016,beiyandang,sites,travel",???,Guanyin Cave,,,0,0
2016/20160209_BeiYanDang/DSC06304.JPG,2016-02-09,"2016,beiyandang,people,travel",???????,A Monk Enjoying Cellphone,,,1,0
2016/20160209_BeiYanDang/DSC06305.JPG,2016-02-09,"2016,beiyandang,sites,travel",???,Baiyun Nunnery,,,1,0
2016/20160209_BeiYanDang/DSC06306.JPG,2016-02-09,"2016,beiyandang,interesting,travel",????,Never Too Late to Go Back,,,1,0
2016/20160209_BeiYanDang/DSC06307.JPG,2016-02-09,"2016,beiyandang,animals,travel",???,Cat in Nunnery,,,0,0
2016/20160209_BeiYanDang/DSC06308.JPG,2016-02-09,"2016,beiyandang,animals,travel",?????,Cat in Nunnery Rolling,,,1,0
2016/20160209_BeiYanDang/DSC06309.JPG,2016-02-09,"2016,beiyandang,sites,travel",???,Ling Peak,,,0,0
2016/20160210_Ningbo/DSC06311.JPG,2016-02-10,"2016,ningbo,sites,travel",?????,Tian Yi Ge,,,0,0
2016/20160210_Ningbo/DSC06313.JPG,2016-02-10,"2016,ningbo,people,travel",??????,Red Scarf Volunteer,,,1,0
2016/20160210_Ningbo/DSC06316.JPG,2016-02-10,"2016,ningbo,interesting,travel",????,Guardian,,,1,0
2016/20160210_Ningbo/DSC06319.JPG,2016-02-10,"2016,ningbo,interesting,travel",????,Guardian,,,0,0
2016/20160210_Ningbo/DSC06322.JPG,2016-02-10,"2016,ningbo,interesting,travel",????,Guardian,,,0,0
2016/20160210_Ningbo/DSC06326.JPG,2016-02-10,"2016,ningbo,interesting,travel",????,Guardian,,,0,0
2016/20160210_Ningbo/DSC06328.JPG,2016-02-10,"2016,ningbo,interesting,travel",????,Guardian,,,0,0
2016/20160210_Ningbo/DSC06329.JPG,2016-02-10,"2016,ningbo,interesting,travel",????,Guardian,,,0,0
2016/20160210_Ningbo/DSC06336.JPG,2016-02-10,"2016,ningbo,people,travel",??????,Red Scarf Volunteer,,,0,0
2016/20160210_Ningbo/DSC06337.JPG,2016-02-10,"2016,ningbo,sites,travel",?????,Ningbo Art Museum,,,0,0
2016/20160210_Ningbo/DSC06341.JPG,2016-02-10,"2016,ningbo,sites,travel",?????,Ningbo Bund,,,0,0
2016/20160210_Ningbo/DSC06350.JPG,2016-02-10,"2016,ningbo,sites,travel",???????,Bookstore in Ningbo Bund,,,0,0
2016/20160210_Ningbo/DSC06352.JPG,2016-02-10,"2016,ningbo,sites,travel",?????,Ningbo Building,,,0,0
2016/20160210_Ningbo/DSC06355.JPG,2016-02-11,"2016,ningbo,interesting,travel",????,Guardian,,,1,0
2016/20160210_Ningbo/DSC06357.JPG,2016-02-11,"2016,ningbo,photographer,travel",????,Old Couple Taking Picture,,,1,0
2016/20160210_Ningbo/DSC06358.JPG,2016-02-11,"2016,ningbo,photographer,travel",?????,Family Selfie,,,0,0
2016/20160210_Ningbo/DSC06365.JPG,2016-02-11,"2016,ningbo,sites,travel",??????,Broken Wall and Church,,,0,0
2016/20160210_Ningbo/DSC06366.JPG,2016-02-11,"2016,ningbo,sites,travel",?????,Ningbo Bund,,,0,0
2016/20160210_Ningbo/DSC06367.JPG,2016-02-11,"2016,ningbo,plants,travel",??,Plum Blossom,,,0,0
2016/20160210_Ningbo/DSC06370.JPG,2016-02-11,"2016,ningbo,sites,travel",???????,Ningbo Bund Street,,,1,0
2016/20160217_Beijing/DSC06373.JPG,2016-02-19,"2016,beijing,animals,travel",??,Panda,,,0,0
2016/20160217_Beijing/DSC06375.JPG,2016-02-19,"2016,beijing,animals,travel",?????,Sleeping Tiger,,,0,0
2016/20160226_LvShun_Shanghai/DSC06382.JPG,2016-02-27,"2016,lvshun,sites,travel",??????,Lvshun Tiger’s Tail,,,0,0
2016/20160226_LvShun_Shanghai/DSC06388.JPG,2016-02-28,"2016,lvshun,sites,travel",????,Longhe Community,,,0,0
2016/20160226_LvShun_Shanghai/DSC06390.JPG,2016-02-29,"2016,shanghai,sites,travel",???????,Shanghai City God Temple Streets,,,0,0
2016/20160226_LvShun_Shanghai/DSC06394.JPG,2016-02-29,"2016,shanghai,animals,travel",?????,A Bird Staring at Fishes,,,1,0
2016/20160226_LvShun_Shanghai/DSC06398.JPG,2016-02-29,"2016,shanghai,photographer,travel",??,Selfie,,,1,0
2016/20160226_LvShun_Shanghai/DSC06399.JPG,2016-02-29,"2016,shanghai,photographer,travel",??,Selfie,,,0,0
2016/20160226_LvShun_Shanghai/DSC06403.JPG,2016-02-29,"2016,shanghai,sites,travel",???,City God Temple,,,0,0
2016/20160226_LvShun_Shanghai/DSC06404.JPG,2016-02-29,"2016,shanghai,sites,travel",??,Sunset,,,0,0
2016/20160226_LvShun_Shanghai/DSC06410.JPG,2016-02-29,"2016,shanghai,sites,travel",????,Bund at Dusk,,,0,0
2016/20160226_LvShun_Shanghai/DSC06411.JPG,2016-02-29,"2016,shanghai,sites,travel",????,Bund at Dusk,,,0,0
2016/20160226_LvShun_Shanghai/DSC06412.JPG,2016-02-29,"2016,shanghai,photographer,travel",?????,Night Scene Photographer,,,0,0
2016/20160226_LvShun_Shanghai/DSC06413.JPG,2016-02-29,"2016,shanghai,photographer,travel",???????,Sunglass in the Dark,,,0,0
2016/20160226_LvShun_Shanghai/DSC06414.JPG,2016-02-29,"2016,shanghai,photographer,travel",????????,Sunglass in the Dark Group,,,1,0
2016/20160226_LvShun_Shanghai/DSC06428.JPG,2016-03-01,"2016,shanghai,plants,travel",??????,Two Colors One Tree,,,0,0
2016/20160226_LvShun_Shanghai/DSC06437.JPG,2016-03-01,"2016,shanghai,photographer,travel",??,Taking Picture,,,0,0
2016/20160226_LvShun_Shanghai/DSC06439.JPG,2016-03-01,"2016,shanghai,interesting,travel",???????,Say No to Forcing Marriage,,,0,0
2016/20160226_LvShun_Shanghai/DSC06443.JPG,2016-03-01,"2016,shanghai,interesting,travel",??,Qing Currency,,,0,0
2016/20160226_LvShun_Shanghai/DSC06445.JPG,2016-03-01,"2016,shanghai,sites,travel",?????,Shanghai Government,,,0,0
2016/20160226_LvShun_Shanghai/DSC06446.JPG,2016-03-01,"2016,shanghai,sites,travel",????,Bund at Night,,,0,0
2016/20160226_LvShun_Shanghai/DSC06448.JPG,2016-03-01,"2016,shanghai,photographer,travel",???????,A Boy Posing,,,1,0
2016/20160226_LvShun_Shanghai/DSC06454.JPG,2016-03-02,"2016,shanghai,plants,travel",??,Flower Wall,,,0,0
2016/20160226_LvShun_Shanghai/DSC06467.JPG,2016-03-02,"2016,shanghai,sites,travel",????????,Moving Area Near Bund,,,0,0
2016/20160226_LvShun_Shanghai/DSC06468.JPG,2016-03-02,"2016,shanghai,sites,travel",????????,Moving Area Near Bund,,,0,0
2016/20160226_LvShun_Shanghai/DSC06472.JPG,2016-03-02,"2016,shanghai,people,travel",??,Waiting for Train,,,0,0
2016/20160226_LvShun_Shanghai/IMG_20160226_161724.jpg,2016-02-26,"2016,lvshun,interesting,travel",????????,Charging Stand in Resting Area,,,0,0
2016/20160226_LvShun_Shanghai/IMG_20160228_132907.jpg,2016-02-28,"2016,lvshun,people,travel",??????,A Little Girl Shopping,,,1,0
2016/20160226_LvShun_Shanghai/IMG_20160229_184930.jpg,2016-02-29,"2016,shanghai,interesting,travel",????????,Swirling Elevator,,,0,0
2016/20160226_LvShun_Shanghai/IMG_20160229_185652.jpg,2016-02-29,"2016,shanghai,interesting,travel",????????,Swirling Elevator,,,0,0
2016/20160226_LvShun_Shanghai/IMG_20160301_085604.jpg,2016-03-01,"2016,shanghai,plants,travel",??,Plum Blossom,,,0,0
2016/20160226_LvShun_Shanghai/IMG_20160301_102208.jpg,2016-03-01,"2016,shanghai,people,travel",??????,A Kid Pooping,,,1,0
2016/20160226_LvShun_Shanghai/IMG_20160301_195030.jpg,2016-03-01,"2016,shanghai,interesting,travel",????,Poses Poster for Pictures,,,1,0
2016/20160226_LvShun_Shanghai/IMG_20160302_110217.jpg,2016-03-02,"2016,shanghai,people,travel",??,Mask,,,0,0
2016/20160226_LvShun_Shanghai/IMG_20160302_110536.jpg,2016-03-02,"2016,shanghai,interesting,travel",????,Dongbei Popsicle,,,0,0
2016/20160226_LvShun_Shanghai/IMG_20160302_170633.jpg,2016-03-02,"2016,shanghai,people,travel",??????,An Old Man on Train,,,0,0
2016/20160303_BeiYanDang/DSC06476.JPG,2016-03-03,"2016,beiyandang,animals,travel",???,Black and White Cat,,,1,0
2016/20160303_BeiYanDang/DSC06480.JPG,2016-03-04,"2016,beiyandang,interesting,travel",???????,Merit Monument in Production,,,0,0
2016/20160303_BeiYanDang/DSC06486.JPG,2016-03-04,"2016,beiyandang,sites,travel",????,Morning in Mountains,,,0,0
2016/20160303_BeiYanDang/DSC06491.JPG,2016-03-04,"2016,beiyandang,interesting,travel",???,An Interestingly Shaped Cave,,,1,0
2016/20160303_BeiYanDang/DSC06492.JPG,2016-03-04,"2016,beiyandang,sites,travel",??,Drawbridge,,,1,0
2016/20160303_BeiYanDang/DSC06502.JPG,2016-03-04,"2016,beiyandang,sites,travel",?????,A Town Surrounded By Mountains,,,0,0
2016/20160303_BeiYanDang/DSC06504.JPG,2016-03-04,"2016,beiyandang,sites,travel",??,Drawbridge,,,0,0
2016/20160303_BeiYanDang/DSC06509.JPG,2016-03-04,"2016,beiyandang,sites,travel",????,House on Top of the Hill,,,0,0
2016/20160303_BeiYanDang/DSC06514.JPG,2016-03-04,"2016,beiyandang,sites,travel",???????,Benjue Academy,,,1,0
2016/20160303_BeiYanDang/DSC06515.JPG,2016-03-04,"2016,beiyandang,sites,travel",????,Front of the Academy,,,0,0
2016/20160303_BeiYanDang/DSC06526.JPG,2016-03-04,"2016,beiyandang,interesting,travel",????,Ball Shaped Lava Rock,,,0,0
2016/20160303_BeiYanDang/DSC06536.JPG,2016-03-04,"2016,beiyandang,photographer,travel",?????,Selfie with Dalongqiu,,,0,0
2016/20160303_BeiYanDang/DSC06537.JPG,2016-03-04,"2016,beiyandang,sites,travel",?????,Full Shot of Dalongqiu,,,0,0
2016/20160303_BeiYanDang/DSC06543.JPG,2016-03-04,"2016,beiyandang,sites,travel",???,Dalongqiu the Waterfall,,,0,0
2016/20160303_BeiYanDang/DSC06548.JPG,2016-03-04,"2016,beiyandang,people,travel",?????,A Girl Resting,,,0,0
2016/20160303_BeiYanDang/DSC06550.JPG,2016-03-04,"2016,beiyandang,sites,travel",??,Dense Trees,,,0,0
2016/20160303_BeiYanDang/DSC06562.JPG,2016-03-04,"2016,beiyandang,sites,travel",?????,Mountain under Sunshine,,,0,0
2016/20160303_BeiYanDang/DSC06564.JPG,2016-03-04,"2016,beiyandang,people,travel",????,Seden Chair,,,0,0
2016/20160303_BeiYanDang/DSC06566.JPG,2016-03-04,"2016,beiyandang,animals,travel",????,A Flock of Cocks,,,0,0
2016/20160303_BeiYanDang/DSC06579.JPG,2016-03-05,"2016,beiyandang,sites,travel",???,Xiansheng Gate,,,0,0
2016/20160303_BeiYanDang/DSC06581.JPG,2016-03-05,"2016,beiyandang,sites,travel",???,Thin Waterfall,,,0,0
2016/20160303_BeiYanDang/DSC06599.JPG,2016-03-05,"2016,beiyandang,sites,travel",?????,Abandoned Wooden House,,,1,0
2016/20160303_BeiYanDang/DSC06623.JPG,2016-03-05,"2016,beiyandang,sites,travel",?????,Abandoned Wooden House,,,0,0
2016/20160303_BeiYanDang/IMG_20160304_080954.jpg,2016-03-04,"2016,beiyandang,interesting,travel",????????,A Book on Traditional Chinese Clothing,,,0,0
2016/20160303_BeiYanDang/IMG_20160304_154734.jpg,2016-03-04,"2016,beiyandang,interesting,travel",????,Traveling Signatures,,,0,0
2016/20160303_BeiYanDang/VID_20160304_170430.mp4,2016-03-04,"2016,beiyandang,",,,,,0,0
2016/20160813_YuanMingYuan/DSC06646.JPG,2016-08-13,"2016,beijing,photographer,weekend",?????,A Girl Shooting Flowers,,,0,0
2016/20160813_YuanMingYuan/DSC06648.JPG,2016-08-13,"2016,beijing,people,weekend",????????,A Young Girl Holding A Bottle,,,0,0
2016/20160813_YuanMingYuan/DSC06649.JPG,2016-08-13,"2016,beijing,sites,weekend",?????,Lake View of Yuanmingyuan,,,0,0
2016/20160813_YuanMingYuan/DSC06650.JPG,2016-08-13,"2016,beijing,photographer,weekend",???????,A Girl Posing,,,0,0
2016/20160813_YuanMingYuan/DSC06651.JPG,2016-08-13,"2016,beijing,people,weekend",????,Lake Cleaner,,,0,0
2016/20160813_YuanMingYuan/DSC06652.JPG,2016-08-13,"2016,beijing,photographer,weekend",????,Family Selfie,,,0,0
2016/20160813_YuanMingYuan/DSC06654.JPG,2016-08-13,"2016,beijing,animals,weekend",??,Black Cat,,,0,0
2016/20160813_YuanMingYuan/DSC06655.JPG,2016-08-13,"2016,beijing,animals,weekend",??,Black Cat,,,0,0
2016/20160813_YuanMingYuan/DSC06657.JPG,2016-08-13,"2016,beijing,animals,weekend",???,Blue Dragonfly,,,0,0
2016/20160813_YuanMingYuan/DSC06658.JPG,2016-08-13,"2016,beijing,plants,weekend",??,Lotus,,,1,0
2016/20160813_YuanMingYuan/DSC06659.JPG,2016-08-13,"2016,beijing,plants,weekend",??,Lotus Seedpod,,,0,0
2016/20160813_YuanMingYuan/DSC06660.JPG,2016-08-13,"2016,beijing,photographer,weekend",??????,A Girl Shooting Lotus,,,1,0
2016/20160813_YuanMingYuan/DSC06661.JPG,2016-08-13,"2016,beijing,plants,weekend",??,Lotus,,,0,0
2016/20160813_YuanMingYuan/DSC06662.JPG,2016-08-13,"2016,beijing,plants,weekend",??,Lotus,,,0,0
2016/20160813_YuanMingYuan/DSC06663.JPG,2016-08-13,"2016,beijing,animals,weekend",????,Dragonfly On Tip of A Lotus,,,0,0
2016/20160813_YuanMingYuan/DSC06664.JPG,2016-08-13,"2016,beijing,people,weekend",??,Resting,,,0,0
2016/20160813_YuanMingYuan/DSC06666.JPG,2016-08-13,"2016,beijing,sites,weekend",????,Trail in The Park,,,0,0
2016/20160813_YuanMingYuan/DSC06667.JPG,2016-08-13,"2016,beijing,photographer,weekend",???,Like A Lotus,,,0,0
2016/20160813_YuanMingYuan/IMG_20160813_151218.jpg,2016-08-13,"2016,beijing,sites,weekend",???????,THU in Summer Vacation,,,0,0
2016/20160813_YuanMingYuan/IMG_20160813_160633.jpg,2016-08-13,"2016,beijing,sites,weekend",???,Lake of Lotus,,,0,0
2016/20160814_ShiChaHai/DSC06670.JPG,2016-08-14,"2016,beijing,people,weekend",??????,Young Girl with Cat Ears,,,0,0
2016/20160814_ShiChaHai/DSC06673.JPG,2016-08-14,"2016,beijing,animals,weekend",????,Sleeping Dog,,,0,0
2016/20160814_ShiChaHai/DSC06674.JPG,2016-08-14,"2016,beijing,animals,weekend",????,Sleeping Dog,,,0,0
2016/20160814_ShiChaHai/DSC06676.JPG,2016-08-14,"2016,beijing,people,weekend",??????,A Tired Little Girl,,,0,0
2016/20160814_ShiChaHai/DSC06678.JPG,2016-08-14,"2016,beijing,photographer,weekend",?????,A Couple Taking Selfie,,,0,0
2016/20160814_ShiChaHai/DSC06681.JPG,2016-08-14,"2016,beijing,animals,weekend",????,Cat on The Roof,,,1,0
2016/20160814_ShiChaHai/DSC06682.JPG,2016-08-14,"2016,beijing,animals,weekend",???,Wild Duck Island,,,0,0
2016/20160814_ShiChaHai/DSC06683.JPG,2016-08-14,"2016,beijing,people,weekend",?????,People Fishing,,,0,0
2016/20160814_ShiChaHai/DSC06685.JPG,2016-08-14,"2016,beijing,photographer,weekend",?????,A Girl Taking Selfie,,,0,0
2016/20160820_YuanMingYuan/DSC06686.JPG,2016-08-20,"2016,beijing,photographer,weekend",????,Cosplay,,,1,0
2016/20160820_YuanMingYuan/DSC06687.JPG,2016-08-20,"2016,beijing,photographer,weekend",????,Cosplay,,,0,0
2016/20160820_YuanMingYuan/DSC06688.JPG,2016-08-20,"2016,beijing,photographer,weekend",????,Cosplay,,,0,0
2016/20160820_YuanMingYuan/DSC06698.JPG,2016-08-20,"2016,beijing,animals,weekend",????,Magpie,,,0,0
2016/20160820_YuanMingYuan/DSC06700.JPG,2016-08-20,"2016,beijing,plants,weekend",?????,Last Lotuses,,,0,0
2016/20160820_YuanMingYuan/DSC06701.JPG,2016-08-20,"2016,beijing,people,weekend",???,Lovers' Clothing,,,0,0
2016/20160820_YuanMingYuan/DSC06704.JPG,2016-08-20,"2016,beijing,photographer,weekend",????,Father and Daughter,,,1,0
2016/20160820_YuanMingYuan/DSC06707.JPG,2016-08-20,"2016,beijing,plants,weekend",??,Lotus Seedpod,,,0,0
2016/20160820_YuanMingYuan/DSC06708.JPG,2016-08-20,"2016,beijing,plants,weekend",??,Ripe Peaches,,,0,0
2016/20160820_YuanMingYuan/DSC06709.JPG,2016-08-20,"2016,beijing,animals,weekend",???,Worm on Flower,,,0,0
2016/20160820_YuanMingYuan/DSC06710.JPG,2016-08-20,"2016,beijing,people,weekend",???,Bird Watcher,,,0,0
2016/20160820_YuanMingYuan/DSC06712.JPG,2016-08-20,"2016,beijing,plants,weekend",????,Fall Is Coming,,,0,0
2016/20160820_YuanMingYuan/DSC06713.JPG,2016-08-20,"2016,beijing,plants,weekend",????,Unknown Tree,,,0,0
2016/20160820_YuanMingYuan/DSC06714.JPG,2016-08-20,"2016,beijing,sites,weekend",????,Jiu Zhou Area,,,0,0
2016/20160820_YuanMingYuan/DSC06727.JPG,2016-08-20,"2016,beijing,animals,weekend",???,Duckling,,,0,0
2016/20160820_YuanMingYuan/DSC06728.JPG,2016-08-20,"2016,beijing,animals,weekend",?????,Duckling Diving,,,0,0
2016/20160820_YuanMingYuan/DSC06730.JPG,2016-08-20,"2016,beijing,plants,weekend",???,White Lotus,,,0,0
2016/20160820_YuanMingYuan/DSC06732.JPG,2016-08-20,"2016,beijing,animals,weekend",?????,Commonly Seen Butterfly,,,0,0
2016/20160820_YuanMingYuan/DSC06748.JPG,2016-08-20,"2016,beijing,animals,weekend",????,Swallow Dipping Water,,,0,0
2016/20160820_YuanMingYuan/DSC06750.JPG,2016-08-20,"2016,beijing,animals,weekend",????,Swallow Dipping Water,,,0,0
2016/20160820_YuanMingYuan/DSC06763.JPG,2016-08-20,"2016,beijing,animals,weekend",????,Swallow Dipping Water,,,0,0
2016/20160820_YuanMingYuan/DSC06771.JPG,2016-08-20,"2016,beijing,sites,weekend",?????,Sunset And Boat,,,0,0
2016/20160820_YuanMingYuan/DSC06776.JPG,2016-08-20,"2016,beijing,sites,weekend",?????,Sunset And West Mountains,,,0,0
2016/20160820_YuanMingYuan/DSC06778.JPG,2016-08-20,"2016,beijing,sites,weekend",?????,Sunset And West Mountains,,,1,0
2016/20160820_YuanMingYuan/DSC06780.JPG,2016-08-20,"2016,beijing,photographer,weekend",?????,Elder Photograher,,,0,0
2016/20160820_YuanMingYuan/IMG_20160820_161420.jpg,2016-08-20,"2016,beijing,photographer,weekend",????,Cosplay,,,0,0
2016/20160820_YuanMingYuan/IMG_20160820_163301.jpg,2016-08-20,"2016,beijing,people,weekend",???,Lovers' Clothing,,,0,0
2016/20160821_BaDaChu/DSC06781.JPG,2016-08-21,"2016,beijing,people,weekend",????,Prayers,,,1,0
2016/20160821_BaDaChu/DSC06785.JPG,2016-08-21,"2016,beijing,people,weekend",????,Readers,,,0,0
2016/20160821_BaDaChu/DSC06786.JPG,2016-08-21,"2016,beijing,people,weekend",??????,A Little Girl Looking at Goldfishes,,,0,0
2016/20160821_BaDaChu/DSC06788.JPG,2016-08-21,"2016,beijing,interesting,weekend",????,Buddist  Word Cloud,,,0,0
2016/20160821_BaDaChu/DSC06789.JPG,2016-08-21,"2016,beijing,people,weekend",????,Hitting Bell With Coins,,,0,0
2016/20160821_BaDaChu/DSC06792.JPG,2016-08-21,"2016,beijing,interesting,weekend",?,Incense,,,0,0
2016/20160821_BaDaChu/DSC06793.JPG,2016-08-21,"2016,beijing,people,weekend",???????,A Girl in Han Clothes,,,0,0
2016/20160821_BaDaChu/DSC06797.JPG,2016-08-21,"2016,beijing,people,weekend",?????,Flute Player,,,1,0
2016/20160821_BaDaChu/DSC06798.JPG,2016-08-21,"2016,beijing,sites,weekend",???,Stupa,,,0,0
2016/20160821_BaDaChu/DSC06799.JPG,2016-08-21,"2016,beijing,people,weekend",??????,A Little Girl Feeding Goldfishes,,,1,0
2016/20160821_BaDaChu/IMG_20160821_153204.jpg,2016-08-21,"2016,beijing,interesting,weekend",????,Recruiting Ad,,,0,0
2016/20160821_BaDaChu/IMG_20160821_153355.jpg,2016-08-21,"2016,beijing,plants,weekend",??,Persimmon,,,0,0
2016/20160821_BaDaChu/IMG_20160821_171548.jpg,2016-08-21,"2016,beijing,animals,weekend",??,White Cat,,,0,0
2016/20160821_BaDaChu/IMG_20160821_184050.jpg,2016-08-21,"2016,beijing,interesting,weekend",???,Pigeon Dump,"??????????????????,??????????,????10????",,0,0
2016/20160903_YuanMingYuan/DSC06802.JPG,2016-09-03,"2016,beijing,animals,weekend",?????,A Disturbed Cat,"??????????????,?????????",I see this cat relaxing just inside Yuanmingyuan. It backs away after I approach it.,0,0
2016/20160903_YuanMingYuan/DSC06804.JPG,2016-09-03,"2016,beijing,animals,weekend",??????,Black Swan Cleaning,,,0,0
2016/20160903_YuanMingYuan/DSC06806.JPG,2016-09-03,"2016,beijing,animals,weekend",?????,Black Swan Stretching,,,1,0
2016/20160903_YuanMingYuan/DSC06808.JPG,2016-09-03,"2016,beijing,people,weekend",?????,Surround Black Swans,,,0,0
2016/20160903_YuanMingYuan/DSC06810.JPG,2016-09-04,"2016,beijing,plants,weekend",??,Wild Flowers,,,0,0
2016/20160903_YuanMingYuan/DSC06811.JPG,2016-09-04,"2016,beijing,plants,weekend",?????,Wild Flowers and Corridor,,,0,0
2016/20160903_YuanMingYuan/DSC06813.JPG,2016-09-04,"2016,beijing,plants,weekend",?????,Wild Flowers and Butterflies,,,1,0
2016/20160903_YuanMingYuan/DSC06816.JPG,2016-09-04,"2016,beijing,interesting,weekend",?????,Marble Boat of Yuanmingyuan,???????????????,The only marble boat base left in Yuanmingyuan,0,0
2016/20160903_YuanMingYuan/DSC06817.JPG,2016-09-04,"2016,beijing,people,weekend",???????,A Girl Unwilling to Take Picture,"?????????,??????,?????????",This girl doesn’t want to take a photo. But  how would mom post on her feed if you don’t cooperate?,0,0
2016/20160903_YuanMingYuan/IMG_20160903_135135.jpg,2016-09-04,"2016,beijing,plants,weekend",?????,Ants Eating Walnut,"??????,??????????????",I wanted to collect a walnut. But ants have already taken all.,0,0
2016/20160903_YuanMingYuan/IMG_20160903_135448.jpg,2016-09-04,"2016,beijing,people,weekend",???????,A Bicycle and Wheel Chair,"???????,?????????????????????????",An old couple drinking tea under the tree while tourists pass by. The bike has a wheel chair as its front wheel.,0,0
2016/20160915_YuanMingYuan/DSC06820.JPG,2016-09-15,"2016,beijing,yuanmingyuan,weekend,photographer",??????,People Taking Pictures of Sunset,"???????????????,??????????????????",,0,0
2016/20160915_YuanMingYuan/DSC06821.JPG,2016-09-15,"2016,beijing,yuanmingyuan,weekend,sites",??????,Sunset in the Lake,?????????????,,0,0
2016/20160915_YuanMingYuan/DSC06823.JPG,2016-09-15,"2016,beijing,yuanmingyuan,weekend,sites",????????,Weed with Sunset in the Background,,,0,0
2016/20160915_YuanMingYuan/DSC06824.JPG,2016-09-15,"2016,beijing,yuanmingyuan,weekend,photographer",????,Taking Picture,"???????????????????????,???????????????",,0,0
2016/20160915_YuanMingYuan/DSC06825.JPG,2016-09-15,"2016,beijing,yuanmingyuan,weekend,sites",??????,Mid-Autumn Rising Moon,"???????,?????????????,??????????",,0,0
2016/20160915_YuanMingYuan/DSC06833.JPG,2016-09-15,"2016,beijing,yuanmingyuan,weekend,sites",????,Moon in the High Sky,"??“????”?,????????",,0,0
2016/20160915_YuanMingYuan/DSC06835.JPG,2016-09-15,"2016,beijing,yuanmingyuan,weekend,sites",??????,Tourism Spot of Moon Sight,,,0,0
2016/20160915_YuanMingYuan/DSC06838.JPG,2016-09-17,"2016,beijing,yuanmingyuan,weekend,sites",?????,Remains of Western Mansions,,,0,0
2016/20160915_YuanMingYuan/DSC06839.JPG,2016-09-17,"2016,beijing,yuanmingyuan,weekend,sites",?????,Remains of Western Mansions,,,0,0
2016/20160915_YuanMingYuan/DSC06840.JPG,2016-09-17,"2016,beijing,yuanmingyuan,weekend,sites",?????,Remains of Western Mansions,,,0,0
2016/20160915_YuanMingYuan/DSC06843.JPG,2016-09-17,"2016,beijing,yuanmingyuan,weekend,sites",?????,Remains of Western Mansions,,,0,0
2016/20160915_YuanMingYuan/DSC06844.JPG,2016-09-17,"2016,beijing,yuanmingyuan,weekend,photographer",????,Taking Picture,,,0,0
2016/20160915_YuanMingYuan/DSC06845.JPG,2016-09-17,"2016,beijing,yuanmingyuan,weekend,sites",?????,Remains of Western Mansions,,,0,0
2016/20160915_YuanMingYuan/DSC06846.JPG,2016-09-17,"2016,beijing,yuanmingyuan,weekend,people",????????,A Boy in the Center of the Maze,,,0,0
2016/20160915_YuanMingYuan/DSC06847.JPG,2016-09-17,"2016,beijing,yuanmingyuan,weekend,people",????????,A Boy in the Center of the Maze,,,0,0
2016/20160915_YuanMingYuan/DSC06851.JPG,2016-09-17,"2016,beijing,yuanmingyuan,weekend,selfie",??????,Selfie in the Center of the Maze,,,0,0
2016/20160915_YuanMingYuan/IMG_20160915_173413.jpg,2016-09-15,"2016,beijing,yuanmingyuan,weekend,photographer",??????,People Taking Pictures of Sunset,,,0,0
2016/20160915_YuanMingYuan/IMG_20160915_192538.jpg,2016-09-15,"2016,beijing,yuanmingyuan,weekend,sites",??????,Tourism Spot of Moon Sight,,,0,0
2016/20160915_YuanMingYuan/IMG_20160917_172845.jpg,2016-09-17,"2016,beijing,yuanmingyuan,weekend,sites",?????,Remains of Western Mansions,,,0,0
2016/20160915_YuanMingYuan/IMG_20160917_174007.jpg,2016-09-17,"2016,beijing,yuanmingyuan,weekend,sites",?????,Remains of Western Mansions,,,0,0
2016/20160915_YuanMingYuan/IMG_20160917_175006.jpg,2016-09-17,"2016,beijing,yuanmingyuan,weekend,interesting",??,Long’s Head,,,0,0
2016/20160923_Chengdu/2016ChinaRChengdu_wgs.JPG,2016-09-24,"2016,chengdu,butters",??R????,"China R, Chengdu","??????,??????????R?????????????????????,???????????????????????","With a very surprising opportunity, I spoke at the China R Meeting, Chengdu. Even though I presented a topic which is not my specialty, I’m glad to know the frontier of the industrial and academic people.",0,0
2016/20160923_Chengdu/DSC06857.JPG,2016-09-25,"2016,chengdu,animals",??????,A Cat Who Cares Nobody,"???????,?????????????","Near the entrance of Kuanzhai Alley, a cat wanders around giving zero attention to anyone.",0,0
2016/20160923_Chengdu/DSC06859.JPG,2016-09-25,"2016,chengdu,people",???????,A Little Girl In Social Events,"???????,?????????????????????,???????","Near the entrance of Kuanzhai Alley, a few students are preparing some sort of event. Some go to see the cat, then a teacher stops them.",0,0
2016/20160923_Chengdu/DSC06860.JPG,2016-09-25,"2016,chengdu,sites",???????,Crowded Kuanzhai Alley,????????????,Crowd in Kuanzhai Alley on Weekend.,0,0
2016/20160923_Chengdu/DSC06862.JPG,2016-09-25,"2016,chengdu,sites",???????,Crowded Kuanzhai Alley,????????????,Crowd in Kuanzhai Alley on Weekend.,0,0
2016/20160923_Chengdu/DSC06864.JPG,2016-09-25,"2016,chengdu,selfie",????,Together Selfie,???????,Selfie of three.,0,0
2016/20160923_Chengdu/DSC06865.JPG,2016-09-25,"2016,chengdu,photographer",???,Arty Photos,"?????????,??????????:????","I am resting on the third alley, when I see two people taking arty photos: hands together.",0,0
2016/20160923_Chengdu/DSC06868.JPG,2016-09-25,"2016,chengdu,photographer",???,Arty Photos,"?????????,??????????:???","I am resting on the third alley, when I see two people taking arty photos: flowers.",0,0
2016/20160923_Chengdu/DSC06869.JPG,2016-09-25,"2016,chengdu,photographer",???,Arty Photos,"?????????,??????????:??????,???????","I am resting on the third alley, when I see two people taking arty photos: I’m your right angle, and you’re my hypotenuse.",0,0
2016/20160923_Chengdu/DSC06872.JPG,2016-09-25,"2016,chengdu,photographer",???,Arty Photos,"?????????,??????????:???","I am resting on the third alley, when I see two people taking arty photos: bloopers.",0,0
2016/20160923_Chengdu/DSC06874.JPG,2016-09-25,"2016,chengdu,photographer",???,Arty Photos,"?????????,??????????:???","I am resting on the third alley, when I see two people taking arty photos: putting on the flower.",0,0
2016/20160923_Chengdu/DSC06877.JPG,2016-09-25,"2016,chengdu,photographer",???,Arty Photos,"?????????,??????????:?????","I am resting on the third alley, when I see two people taking arty photos: don’t be shy.",0,0
2016/20160923_Chengdu/DSC06879.JPG,2016-09-25,"2016,chengdu,photographer",????????,A Little Girl Looking Around,??????????????????,Not far away a little girl checks out the people taking arty photos.,0,0
2016/20160923_Chengdu/DSC06880.JPG,2016-09-25,"2016,chengdu,people",?????,A Girl Waiting for the Flight,"????????,?????????????",The flight back to Beijing is delayed. A girl sitting nearby is watching TV.,0,1
2016/20160923_Chengdu/IMG_20160923_150214.jpg,2016-09-23,"2016,chengdu,interesting",??????????,The 16st National Village Head Forum,"??????,?????????????","Just out of the airport, there is the welcoming table of National Village Head Forum.",0,0
2016/20160923_Chengdu/IMG_20160924_082424.jpg,2016-09-24,"2016,chengdu,butters_crap",??R??????,China R Meeting Name Card,?????,My name tag.,0,0
2016/20160923_Chengdu/IMG_20160924_191940.jpg,2016-09-24,"2016,chengdu,food",????,Chengdu Hotpot,???????,Two flavored hotpot in Chengdu.,0,0
2016/20160923_Chengdu/IMG_20160925_100658.jpg,2016-09-25,"2016,chengdu,interesting",???,Cleaning Inner Ears,"??????????,60??","Inner ears cleaning servince in Kuanzhai Alley, 60 RMB.",0,0
2016/20160923_Chengdu/IMG_20160925_104959.jpg,2016-09-25,"2016,chengdu,interesting",???,On the Door of Toilet,"???????????????,???","Last night’s hotpot makes me have to use the public restroom, and surprise.",0,1
2016/20160923_Chengdu/IMG_20160925_155952.jpg,2016-09-25,"2016,chengdu,people",?????,Cellphone Charging Station,??????????????,Someone should design a suitcase which is comfortable to sit on.,0,0
2016/20161003_Dandong/DSC06883.JPG,2016-10-03,"2016,dandong,animals",???????,Seagull on Yalu River,"???????????,????????????????????????","Seagulls fly around during low tide, and dive in the water for food occasionally. They float on the river during high tide.",0,0
2016/20161003_Dandong/DSC06884.JPG,2016-10-03,"2016,dandong,sites",????????,China and North Korean Border in Heavy Fog,????????????,The China and North Korea border bridge disappears in the heavy fog.,0,0
2016/20161003_Dandong/DSC06885.JPG,2016-10-03,"2016,dandong,sites",?????,Broken Wall on Yalu River,??????????,The old bridge was destroyed by the war.,0,0
2016/20161003_Dandong/DSC06889.JPG,2016-10-03,"2016,dandong,people",?????????,A Little Girl in Korean Costume,"??????????????,??????????????",There are a few venders lending North Korean costumes. A little girl has her photo taken in costumes.,0,0
2016/20161003_Dandong/DSC06890.JPG,2016-10-03,"2016,dandong,people",?????,Fishing Boat on River,"???????,?????????",A fishing boat on Yalu River in heavy fog.,0,0
2016/20161003_Dandong/DSC06892.JPG,2016-10-03,"2016,dandong,people",????????,Fisherman Collecting Crabbing Cages,????????????????,A few fishermen collect their crabbing cages by the bank.,0,0
2016/20161003_Dandong/DSC06893.JPG,2016-10-03,"2016,dandong,people",????????,Fisherman Collecting Crabs from Cages,"??????????????,????????????","A fisherman picks the crabs from the cage, which are of similar sizes as those sold in market.",0,0
2016/20161003_Dandong/DSC06895.JPG,2016-10-03,"2016,dandong,animals",??,Egret,????????????,Two egrets walk around the river bank.,0,0
2016/20161003_Dandong/DSC06896.JPG,2016-10-03,"2016,dandong,people",?????????,A Little Girl in Korean Costume,"??????????????,??????????????",There are a few venders lending North Korean costumes. A little girl has her photo taken in costumes.,0,0
2016/20161003_Dandong/DSC06898.JPG,2016-10-03,"2016,dandong,people",???????,Fishing Boat with National Flag,"????????,?????????????,?????????????","Yalu River is shared by China and North Korea, so boats of both sides can drive freely. Some chinese tourist boats offer driving very close to North Korean river bank.",0,0
2016/20161003_Dandong/DSC06899.JPG,2016-10-03,"2016,dandong,people",?????,A Walking Gentleman,"?????????,????????????,???????????","A gentle man walks along the river bank, with a cane, a smoking pipe, and a coat. He stands out from the tourists crowd.",0,0
2016/20161003_Dandong/DSC06902.JPG,2016-10-03,"2016,dandong,interesting",LEOV?LOEV,LEOV and LOEV,"????,?????????????",“LOVE” of a wedding. At least both contain the correct four characters.,0,0
2016/20161003_Dandong/IMG_20161003_071807.jpg,2016-10-03,"2016,dandong,interesting",???????????,A Train from North Korea to China,"???????????,???????","A train drives from North Korea into China, with its siren on.",0,0
2016/20161003_Dandong/IMG_20161003_071822.jpg,2016-10-03,"2016,dandong,interesting",???????,A Train Entering China,"?????????,??????????",The North Korean train has one locomotive and one compartment.,0,0
2016/20161003_Dandong/IMG_20161003_080145.jpg,2016-10-03,"2016,dandong,butters_crap",????,Houses by the River,"?????????,?????????????????,??????????","The houses by the side of the street along Yalu River. It seems like those kind of houses I stayed in as a child, and I have a little memory of that clock tower.",0,0
2016/20161003_Dandong/IMG_20161003_081859.jpg,2016-10-03,"2016,dandong,interesting",???????,Plastic Stone Inscribed with Yalu River,"????????“???”???“??”,?????,??????,??????????",The “stone” inscribed with “Yalu River” is made in plastic. There are wheels on the bottom so it can be pushed away at night. It’s fixed on the pole by rope.,0,0
